student_id,topic,question_id,correct,time_spent,attempts,hints_used
S001,Fractions,Q1,1,114,2,3
S001,Fractions,Q2,0,72,4,2
S001,Fractions,Q3,0,117,3,3
S001,Fractions,Q4,0,83,4,2
S001,Fractions,Q5,0,112,3,1
S001,Fractions,Q6,1,114,2,2
S001,Fractions,Q7,0,64,2,3
S001,Fractions,Q8,0,94,2,2
S001,Fractions,Q9,0,72,4,3
S001,Fractions,Q10,1,65,3,3
S001,Fractions,Q11,1,108,2,2
S001,Fractions,Q12,1,94,2,1
S001,Fractions,Q13,1,78,4,3
S001,Fractions,Q14,0,92,3,1
S001,Fractions,Q15,0,111,3,2
S001,Fractions,Q16,0,76,4,2
S001,Fractions,Q17,0,87,3,3
S001,Fractions,Q18,0,66,2,3
S001,Fractions,Q19,0,63,4,2
S001,Fractions,Q20,0,114,3,1
S002,Fractions,Q1,0,77,3,2
S002,Fractions,Q2,1,62,2,3
S002,Fractions,Q3,1,80,3,2
S002,Fractions,Q4,0,61,4,2
S002,Fractions,Q5,1,78,3,1
S002,Fractions,Q6,1,73,3,2
S002,Fractions,Q7,0,77,3,2
S002,Fractions,Q8,0,91,3,2
S002,Fractions,Q9,0,120,2,3
S002,Fractions,Q10,0,108,2,3
S002,Fractions,Q11,0,77,3,3
S002,Fractions,Q12,0,119,2,2
S002,Fractions,Q13,0,61,2,1
S002,Fractions,Q14,1,66,4,3
S002,Fractions,Q15,0,100,2,2
S002,Fractions,Q16,0,67,4,3
S002,Fractions,Q17,0,70,2,1
S002,Fractions,Q18,1,84,2,3
S002,Fractions,Q19,0,97,4,1
S002,Fractions,Q20,1,115,2,1
S003,Fractions,Q1,1,71,1,2
S003,Fractions,Q2,0,63,3,2
S003,Fractions,Q3,1,50,3,2
S003,Fractions,Q4,0,69,1,0
S003,Fractions,Q5,1,78,1,2
S003,Fractions,Q6,1,59,3,2
S003,Fractions,Q7,0,49,2,2
S003,Fractions,Q8,1,50,2,0
S003,Fractions,Q9,1,77,3,2
S003,Fractions,Q10,0,70,3,1
S003,Fractions,Q11,1,57,2,2
S003,Fractions,Q12,1,59,3,0
S003,Fractions,Q13,1,48,3,1
S003,Fractions,Q14,0,50,2,2
S003,Fractions,Q15,1,55,1,2
S003,Fractions,Q16,0,73,3,2
S003,Fractions,Q17,1,74,2,0
S003,Fractions,Q18,1,51,3,2
S003,Fractions,Q19,0,40,3,2
S003,Fractions,Q20,0,77,3,1
S004,Fractions,Q1,1,67,2,2
S004,Fractions,Q2,0,102,3,2
S004,Fractions,Q3,0,112,3,1
S004,Fractions,Q4,0,110,4,1
S004,Fractions,Q5,0,118,4,2
S004,Fractions,Q6,0,77,3,3
S004,Fractions,Q7,0,72,2,1
S004,Fractions,Q8,0,92,2,1
S004,Fractions,Q9,1,100,4,2
S004,Fractions,Q10,0,73,3,2
S004,Fractions,Q11,0,65,4,2
S004,Fractions,Q12,1,85,2,2
S004,Fractions,Q13,0,117,4,3
S004,Fractions,Q14,0,93,2,3
S004,Fractions,Q15,1,104,4,2
S004,Fractions,Q16,0,105,4,3
S004,Fractions,Q17,0,119,2,1
S004,Fractions,Q18,1,76,4,2
S004,Fractions,Q19,0,89,3,1
S004,Fractions,Q20,1,120,2,2
S005,Fractions,Q1,1,33,2,1
S005,Fractions,Q2,1,40,2,0
S005,Fractions,Q3,1,33,2,0
S005,Fractions,Q4,1,40,2,1
S005,Fractions,Q5,1,29,2,0
S005,Fractions,Q6,1,37,1,1
S005,Fractions,Q7,0,46,1,0
S005,Fractions,Q8,1,46,1,1
S005,Fractions,Q9,1,22,1,1
S005,Fractions,Q10,1,40,1,0
S005,Fractions,Q11,1,49,2,0
S005,Fractions,Q12,1,38,2,0
S005,Fractions,Q13,1,48,1,1
S005,Fractions,Q14,1,32,1,0
S005,Fractions,Q15,1,35,2,0
S005,Fractions,Q16,0,27,1,1
S005,Fractions,Q17,1,26,2,1
S005,Fractions,Q18,1,34,1,0
S005,Fractions,Q19,1,31,2,0
S005,Fractions,Q20,0,24,1,0
S006,Fractions,Q1,0,92,2,3
S006,Fractions,Q2,1,119,4,2
S006,Fractions,Q3,0,75,2,3
S006,Fractions,Q4,0,81,2,2
S006,Fractions,Q5,0,60,2,2
S006,Fractions,Q6,0,63,2,3
S006,Fractions,Q7,0,75,3,2
S006,Fractions,Q8,1,62,2,3
S006,Fractions,Q9,0,105,3,3
S006,Fractions,Q10,0,93,4,1
S006,Fractions,Q11,1,81,2,2
S006,Fractions,Q12,0,109,4,3
S006,Fractions,Q13,0,75,4,1
S006,Fractions,Q14,1,75,2,1
S006,Fractions,Q15,0,95,3,3
S006,Fractions,Q16,0,117,2,3
S006,Fractions,Q17,0,95,2,2
S006,Fractions,Q18,1,82,3,1
S006,Fractions,Q19,0,68,2,2
S006,Fractions,Q20,0,73,4,3
S007,Fractions,Q1,1,37,1,1
S007,Fractions,Q2,1,49,2,1
S007,Fractions,Q3,1,48,1,1
S007,Fractions,Q4,1,31,2,1
S007,Fractions,Q5,1,32,2,0
S007,Fractions,Q6,1,39,2,0
S007,Fractions,Q7,0,21,1,0
S007,Fractions,Q8,1,33,2,1
S007,Fractions,Q9,1,43,2,1
S007,Fractions,Q10,1,42,1,1
S007,Fractions,Q11,1,24,1,1
S007,Fractions,Q12,1,24,1,1
S007,Fractions,Q13,0,26,1,1
S007,Fractions,Q14,1,49,1,0
S007,Fractions,Q15,1,44,2,0
S007,Fractions,Q16,1,47,1,1
S007,Fractions,Q17,1,38,2,0
S007,Fractions,Q18,1,40,2,0
S007,Fractions,Q19,0,50,1,0
S007,Fractions,Q20,0,20,1,0
S008,Fractions,Q1,0,88,4,3
S008,Fractions,Q2,0,81,2,3
S008,Fractions,Q3,1,86,2,1
S008,Fractions,Q4,1,73,2,1
S008,Fractions,Q5,0,73,2,3
S008,Fractions,Q6,0,94,3,3
S008,Fractions,Q7,0,71,2,3
S008,Fractions,Q8,0,111,2,2
S008,Fractions,Q9,0,97,4,1
S008,Fractions,Q10,0,98,4,3
S008,Fractions,Q11,1,91,3,2
S008,Fractions,Q12,0,112,3,2
S008,Fractions,Q13,0,99,2,3
S008,Fractions,Q14,0,82,3,3
S008,Fractions,Q15,0,73,3,3
S008,Fractions,Q16,0,77,4,3
S008,Fractions,Q17,0,103,3,1
S008,Fractions,Q18,1,73,4,1
S008,Fractions,Q19,1,89,2,3
S008,Fractions,Q20,0,81,2,2
S009,Fractions,Q1,1,111,2,2
S009,Fractions,Q2,0,69,3,3
S009,Fractions,Q3,0,89,3,2
S009,Fractions,Q4,1,117,4,2
S009,Fractions,Q5,0,86,4,3
S009,Fractions,Q6,1,71,4,1
S009,Fractions,Q7,0,118,2,3
S009,Fractions,Q8,0,112,3,2
S009,Fractions,Q9,1,77,3,1
S009,Fractions,Q10,1,112,4,2
S009,Fractions,Q11,1,78,2,2
S009,Fractions,Q12,1,116,2,3
S009,Fractions,Q13,0,102,4,1
S009,Fractions,Q14,1,94,2,2
S009,Fractions,Q15,1,99,3,2
S009,Fractions,Q16,1,95,3,1
S009,Fractions,Q17,0,111,4,3
S009,Fractions,Q18,0,60,3,1
S009,Fractions,Q19,1,100,3,3
S009,Fractions,Q20,0,106,4,2
S010,Fractions,Q1,0,63,3,1
S010,Fractions,Q2,1,53,2,1
S010,Fractions,Q3,1,61,2,0
S010,Fractions,Q4,0,40,2,0
S010,Fractions,Q5,1,54,1,2
S010,Fractions,Q6,0,63,3,2
S010,Fractions,Q7,0,46,3,2
S010,Fractions,Q8,0,57,2,0
S010,Fractions,Q9,1,72,2,0
S010,Fractions,Q10,1,53,3,0
S010,Fractions,Q11,1,56,2,0
S010,Fractions,Q12,1,73,1,2
S010,Fractions,Q13,0,52,2,2
S010,Fractions,Q14,1,57,2,1
S010,Fractions,Q15,0,56,3,1
S010,Fractions,Q16,1,61,2,0
S010,Fractions,Q17,1,48,3,2
S010,Fractions,Q18,0,52,1,1
S010,Fractions,Q19,0,64,3,1
S010,Fractions,Q20,0,51,2,0
S011,Fractions,Q1,1,28,1,0
S011,Fractions,Q2,1,42,2,0
S011,Fractions,Q3,0,33,1,1
S011,Fractions,Q4,1,30,1,0
S011,Fractions,Q5,1,37,2,1
S011,Fractions,Q6,1,39,1,1
S011,Fractions,Q7,1,44,2,0
S011,Fractions,Q8,1,35,1,1
S011,Fractions,Q9,1,22,2,1
S011,Fractions,Q10,1,47,1,1
S011,Fractions,Q11,1,41,2,0
S011,Fractions,Q12,1,41,1,1
S011,Fractions,Q13,1,44,2,1
S011,Fractions,Q14,1,35,1,0
S011,Fractions,Q15,1,21,2,1
S011,Fractions,Q16,1,50,1,1
S011,Fractions,Q17,1,26,2,1
S011,Fractions,Q18,1,24,2,0
S011,Fractions,Q19,1,45,1,0
S011,Fractions,Q20,1,48,2,1
S012,Fractions,Q1,1,39,2,1
S012,Fractions,Q2,1,28,2,1
S012,Fractions,Q3,0,27,1,1
S012,Fractions,Q4,1,33,2,0
S012,Fractions,Q5,0,29,2,1
S012,Fractions,Q6,0,22,1,0
S012,Fractions,Q7,1,23,2,0
S012,Fractions,Q8,0,44,2,1
S012,Fractions,Q9,1,44,1,1
S012,Fractions,Q10,1,46,1,1
S012,Fractions,Q11,1,25,1,1
S012,Fractions,Q12,1,39,1,1
S012,Fractions,Q13,0,39,1,1
S012,Fractions,Q14,1,38,1,0
S012,Fractions,Q15,1,29,2,1
S012,Fractions,Q16,1,20,1,0
S012,Fractions,Q17,1,21,2,0
S012,Fractions,Q18,1,45,2,1
S012,Fractions,Q19,0,32,1,0
S012,Fractions,Q20,1,40,1,1
S013,Fractions,Q1,1,54,1,0
S013,Fractions,Q2,1,43,2,1
S013,Fractions,Q3,0,42,3,0
S013,Fractions,Q4,0,50,2,2
S013,Fractions,Q5,0,72,3,2
S013,Fractions,Q6,1,61,2,0
S013,Fractions,Q7,1,50,3,2
S013,Fractions,Q8,1,67,2,2
S013,Fractions,Q9,1,78,3,1
S013,Fractions,Q10,1,71,2,2
S013,Fractions,Q11,1,55,3,0
S013,Fractions,Q12,1,67,3,2
S013,Fractions,Q13,0,77,3,0
S013,Fractions,Q14,0,71,1,0
S013,Fractions,Q15,0,56,3,2
S013,Fractions,Q16,1,59,1,1
S013,Fractions,Q17,0,48,1,2
S013,Fractions,Q18,1,65,3,1
S013,Fractions,Q19,1,75,3,2
S013,Fractions,Q20,1,52,1,0
S014,Fractions,Q1,1,29,2,0
S014,Fractions,Q2,1,47,2,0
S014,Fractions,Q3,0,31,1,0
S014,Fractions,Q4,1,41,2,1
S014,Fractions,Q5,0,30,1,1
S014,Fractions,Q6,1,46,2,1
S014,Fractions,Q7,1,48,1,1
S014,Fractions,Q8,1,40,1,0
S014,Fractions,Q9,1,27,2,0
S014,Fractions,Q10,1,23,1,0
S014,Fractions,Q11,1,39,2,1
S014,Fractions,Q12,1,28,1,1
S014,Fractions,Q13,1,47,1,0
S014,Fractions,Q14,1,39,2,0
S014,Fractions,Q15,1,33,1,1
S014,Fractions,Q16,1,37,1,1
S014,Fractions,Q17,1,30,1,1
S014,Fractions,Q18,0,45,2,1
S014,Fractions,Q19,1,33,2,1
S014,Fractions,Q20,1,22,2,1
S015,Fractions,Q1,0,67,2,0
S015,Fractions,Q2,1,50,3,2
S015,Fractions,Q3,1,70,2,2
S015,Fractions,Q4,0,58,3,2
S015,Fractions,Q5,1,42,2,2
S015,Fractions,Q6,1,64,2,2
S015,Fractions,Q7,0,44,3,0
S015,Fractions,Q8,1,60,1,1
S015,Fractions,Q9,1,55,3,1
S015,Fractions,Q10,0,79,2,0
S015,Fractions,Q11,1,63,3,0
S015,Fractions,Q12,1,73,2,2
S015,Fractions,Q13,0,51,2,2
S015,Fractions,Q14,1,49,1,2
S015,Fractions,Q15,0,58,1,2
S015,Fractions,Q16,1,58,2,0
S015,Fractions,Q17,1,48,2,0
S015,Fractions,Q18,0,47,3,0
S015,Fractions,Q19,1,77,1,2
S015,Fractions,Q20,0,65,1,0
S016,Fractions,Q1,0,75,2,2
S016,Fractions,Q2,0,94,3,2
S016,Fractions,Q3,0,108,3,2
S016,Fractions,Q4,1,117,3,3
S016,Fractions,Q5,0,74,3,1
S016,Fractions,Q6,0,106,3,2
S016,Fractions,Q7,0,71,4,1
S016,Fractions,Q8,0,99,3,3
S016,Fractions,Q9,1,89,4,1
S016,Fractions,Q10,1,117,3,2
S016,Fractions,Q11,1,87,3,3
S016,Fractions,Q12,0,66,2,2
S016,Fractions,Q13,0,101,3,2
S016,Fractions,Q14,0,67,4,3
S016,Fractions,Q15,0,93,2,3
S016,Fractions,Q16,1,104,2,2
S016,Fractions,Q17,1,86,4,3
S016,Fractions,Q18,0,88,3,1
S016,Fractions,Q19,0,100,2,3
S016,Fractions,Q20,0,96,4,3
S017,Fractions,Q1,0,71,3,3
S017,Fractions,Q2,0,61,4,2
S017,Fractions,Q3,0,73,2,3
S017,Fractions,Q4,1,116,2,1
S017,Fractions,Q5,0,99,2,1
S017,Fractions,Q6,1,111,4,3
S017,Fractions,Q7,1,85,3,2
S017,Fractions,Q8,0,87,4,2
S017,Fractions,Q9,0,82,2,1
S017,Fractions,Q10,0,75,4,1
S017,Fractions,Q11,0,90,4,2
S017,Fractions,Q12,0,81,2,2
S017,Fractions,Q13,1,99,2,1
S017,Fractions,Q14,0,72,4,2
S017,Fractions,Q15,0,92,3,1
S017,Fractions,Q16,0,84,2,1
S017,Fractions,Q17,1,113,2,1
S017,Fractions,Q18,0,99,3,1
S017,Fractions,Q19,1,114,2,2
S017,Fractions,Q20,0,71,2,1
S018,Fractions,Q1,1,30,1,1
S018,Fractions,Q2,1,23,1,0
S018,Fractions,Q3,1,24,2,0
S018,Fractions,Q4,1,36,1,1
S018,Fractions,Q5,0,45,2,0
S018,Fractions,Q6,1,31,1,1
S018,Fractions,Q7,0,46,1,1
S018,Fractions,Q8,1,48,1,1
S018,Fractions,Q9,0,48,1,0
S018,Fractions,Q10,0,45,2,0
S018,Fractions,Q11,0,42,2,1
S018,Fractions,Q12,0,27,2,1
S018,Fractions,Q13,0,25,1,1
S018,Fractions,Q14,1,24,1,1
S018,Fractions,Q15,1,43,1,0
S018,Fractions,Q16,1,38,1,1
S018,Fractions,Q17,1,34,2,1
S018,Fractions,Q18,0,37,1,0
S018,Fractions,Q19,1,30,1,1
S018,Fractions,Q20,1,24,2,1
S019,Fractions,Q1,0,41,1,1
S019,Fractions,Q2,0,44,1,0
S019,Fractions,Q3,1,28,1,0
S019,Fractions,Q4,0,34,2,0
S019,Fractions,Q5,1,27,1,1
S019,Fractions,Q6,1,37,1,0
S019,Fractions,Q7,0,40,2,0
S019,Fractions,Q8,1,39,2,1
S019,Fractions,Q9,1,40,1,1
S019,Fractions,Q10,1,28,2,0
S019,Fractions,Q11,1,49,2,0
S019,Fractions,Q12,0,25,2,0
S019,Fractions,Q13,1,28,2,0
S019,Fractions,Q14,1,44,2,1
S019,Fractions,Q15,1,37,2,1
S019,Fractions,Q16,1,23,2,0
S019,Fractions,Q17,1,49,1,0
S019,Fractions,Q18,1,47,1,1
S019,Fractions,Q19,1,48,1,1
S019,Fractions,Q20,1,47,2,0
S020,Fractions,Q1,0,76,1,1
S020,Fractions,Q2,0,57,3,0
S020,Fractions,Q3,0,49,2,2
S020,Fractions,Q4,1,75,2,1
S020,Fractions,Q5,1,43,1,2
S020,Fractions,Q6,0,45,1,0
S020,Fractions,Q7,1,42,1,1
S020,Fractions,Q8,1,56,1,1
S020,Fractions,Q9,1,58,2,2
S020,Fractions,Q10,1,79,1,2
S020,Fractions,Q11,1,40,3,0
S020,Fractions,Q12,0,42,2,2
S020,Fractions,Q13,1,74,3,2
S020,Fractions,Q14,1,54,3,1
S020,Fractions,Q15,1,43,1,0
S020,Fractions,Q16,1,51,3,1
S020,Fractions,Q17,0,59,2,0
S020,Fractions,Q18,1,77,2,2
S020,Fractions,Q19,1,61,3,2
S020,Fractions,Q20,1,41,3,0
S021,Fractions,Q1,0,97,4,3
S021,Fractions,Q2,1,69,3,3
S021,Fractions,Q3,0,107,2,3
S021,Fractions,Q4,0,65,3,1
S021,Fractions,Q5,0,107,4,3
S021,Fractions,Q6,0,96,2,3
S021,Fractions,Q7,0,107,4,3
S021,Fractions,Q8,0,115,4,1
S021,Fractions,Q9,1,82,3,2
S021,Fractions,Q10,0,100,2,1
S021,Fractions,Q11,0,105,4,3
S021,Fractions,Q12,0,106,4,2
S021,Fractions,Q13,0,107,2,1
S021,Fractions,Q14,0,95,2,1
S021,Fractions,Q15,1,64,2,2
S021,Fractions,Q16,1,72,4,1
S021,Fractions,Q17,0,63,3,3
S021,Fractions,Q18,0,88,3,1
S021,Fractions,Q19,0,62,4,2
S021,Fractions,Q20,0,70,3,1
S022,Fractions,Q1,0,64,2,3
S022,Fractions,Q2,1,85,3,1
S022,Fractions,Q3,0,64,2,2
S022,Fractions,Q4,0,67,2,3
S022,Fractions,Q5,0,104,3,2
S022,Fractions,Q6,0,88,3,3
S022,Fractions,Q7,1,82,2,1
S022,Fractions,Q8,0,63,3,3
S022,Fractions,Q9,0,89,3,3
S022,Fractions,Q10,0,112,3,3
S022,Fractions,Q11,0,77,3,2
S022,Fractions,Q12,0,82,3,2
S022,Fractions,Q13,0,94,3,1
S022,Fractions,Q14,1,115,4,2
S022,Fractions,Q15,0,67,3,2
S022,Fractions,Q16,0,92,3,1
S022,Fractions,Q17,0,111,4,2
S022,Fractions,Q18,0,111,3,1
S022,Fractions,Q19,0,74,4,3
S022,Fractions,Q20,0,81,3,2
S023,Fractions,Q1,1,45,2,0
S023,Fractions,Q2,0,50,1,1
S023,Fractions,Q3,1,38,1,0
S023,Fractions,Q4,0,27,2,0
S023,Fractions,Q5,1,33,2,0
S023,Fractions,Q6,1,32,2,1
S023,Fractions,Q7,0,48,2,1
S023,Fractions,Q8,1,45,2,0
S023,Fractions,Q9,1,28,2,1
S023,Fractions,Q10,0,43,1,1
S023,Fractions,Q11,0,35,2,1
S023,Fractions,Q12,1,30,2,0
S023,Fractions,Q13,1,41,2,1
S023,Fractions,Q14,1,30,1,1
S023,Fractions,Q15,1,25,1,1
S023,Fractions,Q16,0,45,2,0
S023,Fractions,Q17,1,28,1,0
S023,Fractions,Q18,1,38,1,1
S023,Fractions,Q19,1,22,2,1
S023,Fractions,Q20,1,41,2,1
S024,Fractions,Q1,1,40,3,1
S024,Fractions,Q2,1,47,1,0
S024,Fractions,Q3,1,77,2,2
S024,Fractions,Q4,0,70,3,0
S024,Fractions,Q5,0,59,1,2
S024,Fractions,Q6,0,72,3,2
S024,Fractions,Q7,0,44,1,2
S024,Fractions,Q8,1,41,3,2
S024,Fractions,Q9,0,40,2,0
S024,Fractions,Q10,0,69,2,1
S024,Fractions,Q11,1,40,2,1
S024,Fractions,Q12,1,40,1,2
S024,Fractions,Q13,0,74,3,0
S024,Fractions,Q14,0,69,1,1
S024,Fractions,Q15,0,47,2,1
S024,Fractions,Q16,1,59,1,0
S024,Fractions,Q17,0,73,1,2
S024,Fractions,Q18,1,67,1,0
S024,Fractions,Q19,0,68,3,1
S024,Fractions,Q20,0,60,2,1
S025,Fractions,Q1,0,23,1,1
S025,Fractions,Q2,1,40,2,0
S025,Fractions,Q3,1,35,2,0
S025,Fractions,Q4,1,36,1,1
S025,Fractions,Q5,0,47,2,0
S025,Fractions,Q6,1,25,1,1
S025,Fractions,Q7,1,21,2,0
S025,Fractions,Q8,1,48,1,0
S025,Fractions,Q9,1,27,2,1
S025,Fractions,Q10,1,46,1,1
S025,Fractions,Q11,1,34,1,1
S025,Fractions,Q12,1,48,1,1
S025,Fractions,Q13,1,45,2,1
S025,Fractions,Q14,0,45,2,0
S025,Fractions,Q15,1,38,1,0
S025,Fractions,Q16,1,22,2,1
S025,Fractions,Q17,0,30,2,1
S025,Fractions,Q18,1,35,2,0
S025,Fractions,Q19,1,45,1,0
S025,Fractions,Q20,1,21,1,1
S026,Fractions,Q1,1,65,3,2
S026,Fractions,Q2,1,66,3,1
S026,Fractions,Q3,1,56,3,1
S026,Fractions,Q4,0,58,3,2
S026,Fractions,Q5,1,66,3,2
S026,Fractions,Q6,0,80,3,2
S026,Fractions,Q7,1,60,3,2
S026,Fractions,Q8,0,52,3,2
S026,Fractions,Q9,1,76,1,2
S026,Fractions,Q10,0,62,1,2
S026,Fractions,Q11,1,43,3,2
S026,Fractions,Q12,1,47,2,0
S026,Fractions,Q13,1,56,1,2
S026,Fractions,Q14,0,64,3,2
S026,Fractions,Q15,1,42,2,2
S026,Fractions,Q16,1,59,2,0
S026,Fractions,Q17,0,68,3,0
S026,Fractions,Q18,1,50,3,1
S026,Fractions,Q19,1,53,3,1
S026,Fractions,Q20,1,78,1,0
S027,Fractions,Q1,1,39,1,0
S027,Fractions,Q2,1,29,2,1
S027,Fractions,Q3,1,35,2,1
S027,Fractions,Q4,0,47,1,1
S027,Fractions,Q5,1,21,1,0
S027,Fractions,Q6,1,31,1,0
S027,Fractions,Q7,1,44,2,1
S027,Fractions,Q8,1,41,1,0
S027,Fractions,Q9,0,48,2,1
S027,Fractions,Q10,1,48,2,1
S027,Fractions,Q11,1,38,2,0
S027,Fractions,Q12,1,23,2,1
S027,Fractions,Q13,1,49,2,0
S027,Fractions,Q14,1,21,2,1
S027,Fractions,Q15,0,42,2,1
S027,Fractions,Q16,1,44,2,0
S027,Fractions,Q17,1,21,2,0
S027,Fractions,Q18,1,25,2,1
S027,Fractions,Q19,1,29,2,1
S027,Fractions,Q20,1,43,1,0
S028,Fractions,Q1,0,69,2,1
S028,Fractions,Q2,0,80,3,3
S028,Fractions,Q3,0,117,2,2
S028,Fractions,Q4,1,67,4,3
S028,Fractions,Q5,0,115,3,2
S028,Fractions,Q6,1,108,3,2
S028,Fractions,Q7,0,65,2,3
S028,Fractions,Q8,0,100,4,3
S028,Fractions,Q9,0,76,2,1
S028,Fractions,Q10,1,108,2,2
S028,Fractions,Q11,0,106,2,3
S028,Fractions,Q12,0,103,3,1
S028,Fractions,Q13,0,103,4,2
S028,Fractions,Q14,0,100,4,1
S028,Fractions,Q15,1,73,4,1
S028,Fractions,Q16,0,66,3,2
S028,Fractions,Q17,0,116,3,2
S028,Fractions,Q18,0,61,4,3
S028,Fractions,Q19,0,94,3,2
S028,Fractions,Q20,1,95,3,1
S029,Fractions,Q1,0,25,2,0
S029,Fractions,Q2,1,20,1,1
S029,Fractions,Q3,1,25,1,0
S029,Fractions,Q4,1,40,2,0
S029,Fractions,Q5,0,49,2,1
S029,Fractions,Q6,1,42,2,1
S029,Fractions,Q7,1,40,1,0
S029,Fractions,Q8,1,34,1,1
S029,Fractions,Q9,1,29,1,1
S029,Fractions,Q10,1,41,2,0
S029,Fractions,Q11,1,25,1,1
S029,Fractions,Q12,1,37,1,1
S029,Fractions,Q13,1,38,2,0
S029,Fractions,Q14,1,43,2,1
S029,Fractions,Q15,0,37,1,1
S029,Fractions,Q16,1,36,1,1
S029,Fractions,Q17,0,41,1,1
S029,Fractions,Q18,1,22,1,1
S029,Fractions,Q19,1,48,2,1
S029,Fractions,Q20,1,21,1,1
S030,Fractions,Q1,1,57,3,0
S030,Fractions,Q2,1,68,1,1
S030,Fractions,Q3,0,57,1,0
S030,Fractions,Q4,1,42,3,2
S030,Fractions,Q5,1,42,2,2
S030,Fractions,Q6,0,71,3,1
S030,Fractions,Q7,1,44,1,2
S030,Fractions,Q8,0,53,2,2
S030,Fractions,Q9,0,51,2,0
S030,Fractions,Q10,0,49,3,1
S030,Fractions,Q11,0,69,2,2
S030,Fractions,Q12,1,55,3,1
S030,Fractions,Q13,1,73,3,2
S030,Fractions,Q14,1,52,3,1
S030,Fractions,Q15,1,60,1,0
S030,Fractions,Q16,0,75,2,0
S030,Fractions,Q17,0,41,3,2
S030,Fractions,Q18,1,41,1,2
S030,Fractions,Q19,0,64,3,1
S030,Fractions,Q20,1,78,1,1
S031,Fractions,Q1,1,31,2,1
S031,Fractions,Q2,0,30,1,0
S031,Fractions,Q3,1,49,1,0
S031,Fractions,Q4,1,20,1,1
S031,Fractions,Q5,0,37,2,0
S031,Fractions,Q6,0,45,1,0
S031,Fractions,Q7,1,50,2,1
S031,Fractions,Q8,0,43,2,1
S031,Fractions,Q9,1,24,2,1
S031,Fractions,Q10,1,48,1,1
S031,Fractions,Q11,1,40,1,0
S031,Fractions,Q12,0,24,2,0
S031,Fractions,Q13,1,49,2,0
S031,Fractions,Q14,1,49,1,1
S031,Fractions,Q15,1,44,1,0
S031,Fractions,Q16,1,27,1,0
S031,Fractions,Q17,1,27,2,1
S031,Fractions,Q18,1,40,1,0
S031,Fractions,Q19,1,23,2,1
S031,Fractions,Q20,0,47,1,1
S032,Fractions,Q1,1,58,1,1
S032,Fractions,Q2,0,79,3,1
S032,Fractions,Q3,1,52,2,2
S032,Fractions,Q4,0,71,1,0
S032,Fractions,Q5,1,75,2,1
S032,Fractions,Q6,0,58,3,0
S032,Fractions,Q7,1,58,2,1
S032,Fractions,Q8,0,41,3,0
S032,Fractions,Q9,1,57,3,0
S032,Fractions,Q10,1,64,2,1
S032,Fractions,Q11,1,42,3,2
S032,Fractions,Q12,1,48,3,1
S032,Fractions,Q13,0,62,1,0
S032,Fractions,Q14,0,64,3,0
S032,Fractions,Q15,0,54,2,1
S032,Fractions,Q16,1,45,1,0
S032,Fractions,Q17,0,68,1,2
S032,Fractions,Q18,1,61,3,0
S032,Fractions,Q19,0,76,3,1
S032,Fractions,Q20,1,51,2,0
S033,Fractions,Q1,1,36,1,1
S033,Fractions,Q2,1,46,1,1
S033,Fractions,Q3,1,21,1,1
S033,Fractions,Q4,1,26,1,1
S033,Fractions,Q5,1,50,2,1
S033,Fractions,Q6,1,26,2,1
S033,Fractions,Q7,1,43,2,0
S033,Fractions,Q8,1,23,2,1
S033,Fractions,Q9,1,37,2,0
S033,Fractions,Q10,1,47,2,0
S033,Fractions,Q11,1,47,1,0
S033,Fractions,Q12,1,43,1,1
S033,Fractions,Q13,1,28,2,0
S033,Fractions,Q14,0,50,2,0
S033,Fractions,Q15,1,39,1,1
S033,Fractions,Q16,1,43,1,0
S033,Fractions,Q17,1,50,2,1
S033,Fractions,Q18,1,42,2,1
S033,Fractions,Q19,0,28,2,0
S033,Fractions,Q20,0,39,1,1
S034,Fractions,Q1,1,104,2,1
S034,Fractions,Q2,0,85,2,3
S034,Fractions,Q3,0,70,4,3
S034,Fractions,Q4,1,86,2,3
S034,Fractions,Q5,0,86,3,3
S034,Fractions,Q6,0,72,4,3
S034,Fractions,Q7,1,97,3,2
S034,Fractions,Q8,0,110,3,1
S034,Fractions,Q9,0,90,2,1
S034,Fractions,Q10,1,93,3,2
S034,Fractions,Q11,0,114,3,3
S034,Fractions,Q12,0,83,4,2
S034,Fractions,Q13,0,73,4,1
S034,Fractions,Q14,0,80,4,3
S034,Fractions,Q15,1,104,3,1
S034,Fractions,Q16,1,93,3,3
S034,Fractions,Q17,0,88,4,2
S034,Fractions,Q18,1,97,2,2
S034,Fractions,Q19,0,66,3,1
S034,Fractions,Q20,0,99,4,3
S035,Fractions,Q1,0,74,2,2
S035,Fractions,Q2,0,103,3,2
S035,Fractions,Q3,1,92,3,3
S035,Fractions,Q4,1,93,3,3
S035,Fractions,Q5,1,99,4,2
S035,Fractions,Q6,0,108,3,1
S035,Fractions,Q7,1,86,2,2
S035,Fractions,Q8,0,71,4,1
S035,Fractions,Q9,0,100,4,3
S035,Fractions,Q10,0,99,3,2
S035,Fractions,Q11,0,87,3,2
S035,Fractions,Q12,0,117,3,1
S035,Fractions,Q13,0,119,2,3
S035,Fractions,Q14,0,72,2,1
S035,Fractions,Q15,1,67,2,2
S035,Fractions,Q16,0,84,3,1
S035,Fractions,Q17,0,83,2,1
S035,Fractions,Q18,1,119,4,2
S035,Fractions,Q19,0,63,2,1
S035,Fractions,Q20,0,81,4,2
S036,Fractions,Q1,0,79,3,2
S036,Fractions,Q2,1,48,3,1
S036,Fractions,Q3,1,74,1,2
S036,Fractions,Q4,1,50,1,1
S036,Fractions,Q5,1,45,1,1
S036,Fractions,Q6,0,64,1,0
S036,Fractions,Q7,1,51,3,1
S036,Fractions,Q8,0,55,3,1
S036,Fractions,Q9,0,45,3,2
S036,Fractions,Q10,1,71,1,1
S036,Fractions,Q11,0,72,3,2
S036,Fractions,Q12,1,53,2,2
S036,Fractions,Q13,1,56,2,0
S036,Fractions,Q14,0,54,2,2
S036,Fractions,Q15,1,40,1,0
S036,Fractions,Q16,1,45,2,2
S036,Fractions,Q17,1,56,2,1
S036,Fractions,Q18,1,55,3,1
S036,Fractions,Q19,0,53,2,0
S036,Fractions,Q20,1,63,3,1
S037,Fractions,Q1,1,22,1,1
S037,Fractions,Q2,1,30,1,0
S037,Fractions,Q3,1,36,1,1
S037,Fractions,Q4,1,30,2,0
S037,Fractions,Q5,1,33,1,0
S037,Fractions,Q6,1,28,2,0
S037,Fractions,Q7,1,35,1,1
S037,Fractions,Q8,1,32,1,1
S037,Fractions,Q9,1,43,1,0
S037,Fractions,Q10,1,28,1,0
S037,Fractions,Q11,1,28,2,1
S037,Fractions,Q12,1,24,2,1
S037,Fractions,Q13,1,26,2,1
S037,Fractions,Q14,1,42,1,0
S037,Fractions,Q15,1,46,2,0
S037,Fractions,Q16,1,46,2,1
S037,Fractions,Q17,1,48,1,0
S037,Fractions,Q18,0,46,2,1
S037,Fractions,Q19,1,49,1,1
S037,Fractions,Q20,1,43,1,1
S038,Fractions,Q1,0,31,2,1
S038,Fractions,Q2,0,48,1,1
S038,Fractions,Q3,1,44,2,1
S038,Fractions,Q4,1,26,2,1
S038,Fractions,Q5,1,27,2,1
S038,Fractions,Q6,1,23,1,1
S038,Fractions,Q7,1,20,2,0
S038,Fractions,Q8,1,36,1,1
S038,Fractions,Q9,0,31,2,1
S038,Fractions,Q10,1,34,2,0
S038,Fractions,Q11,1,36,1,1
S038,Fractions,Q12,1,31,2,1
S038,Fractions,Q13,1,49,1,0
S038,Fractions,Q14,1,45,1,1
S038,Fractions,Q15,1,25,2,0
S038,Fractions,Q16,0,44,1,1
S038,Fractions,Q17,1,49,2,1
S038,Fractions,Q18,1,25,2,0
S038,Fractions,Q19,1,21,1,0
S038,Fractions,Q20,1,35,2,1
S039,Fractions,Q1,1,70,3,2
S039,Fractions,Q2,0,67,2,2
S039,Fractions,Q3,1,115,3,3
S039,Fractions,Q4,1,109,4,1
S039,Fractions,Q5,0,80,3,3
S039,Fractions,Q6,1,119,2,1
S039,Fractions,Q7,1,71,3,2
S039,Fractions,Q8,0,102,2,3
S039,Fractions,Q9,1,96,2,2
S039,Fractions,Q10,0,90,2,1
S039,Fractions,Q11,1,90,3,3
S039,Fractions,Q12,1,86,4,2
S039,Fractions,Q13,0,85,2,2
S039,Fractions,Q14,0,108,3,1
S039,Fractions,Q15,0,95,3,1
S039,Fractions,Q16,0,112,2,1
S039,Fractions,Q17,0,74,2,2
S039,Fractions,Q18,0,62,3,2
S039,Fractions,Q19,0,108,4,1
S039,Fractions,Q20,1,110,2,3
S040,Fractions,Q1,1,48,2,0
S040,Fractions,Q2,1,50,2,0
S040,Fractions,Q3,1,37,2,1
S040,Fractions,Q4,1,50,1,0
S040,Fractions,Q5,1,20,1,0
S040,Fractions,Q6,1,21,2,0
S040,Fractions,Q7,0,21,1,1
S040,Fractions,Q8,1,37,1,0
S040,Fractions,Q9,0,50,1,0
S040,Fractions,Q10,1,36,1,0
S040,Fractions,Q11,1,27,2,0
S040,Fractions,Q12,1,20,2,0
S040,Fractions,Q13,1,47,2,1
S040,Fractions,Q14,0,20,1,0
S040,Fractions,Q15,1,34,1,1
S040,Fractions,Q16,1,27,1,0
S040,Fractions,Q17,1,48,2,0
S040,Fractions,Q18,1,38,2,0
S040,Fractions,Q19,1,49,2,0
S040,Fractions,Q20,1,34,1,0
S041,Fractions,Q1,0,80,4,1
S041,Fractions,Q2,0,95,2,2
S041,Fractions,Q3,0,94,4,1
S041,Fractions,Q4,0,84,4,2
S041,Fractions,Q5,0,91,3,3
S041,Fractions,Q6,0,70,2,1
S041,Fractions,Q7,0,85,4,3
S041,Fractions,Q8,0,117,4,3
S041,Fractions,Q9,1,65,2,2
S041,Fractions,Q10,0,89,3,3
S041,Fractions,Q11,0,65,2,1
S041,Fractions,Q12,0,109,4,2
S041,Fractions,Q13,0,115,3,2
S041,Fractions,Q14,0,102,4,3
S041,Fractions,Q15,0,93,3,1
S041,Fractions,Q16,0,85,4,3
S041,Fractions,Q17,0,64,2,3
S041,Fractions,Q18,0,92,4,3
S041,Fractions,Q19,0,78,4,3
S041,Fractions,Q20,0,118,3,2
S042,Fractions,Q1,1,75,2,2
S042,Fractions,Q2,0,97,2,2
S042,Fractions,Q3,0,79,3,1
S042,Fractions,Q4,0,82,2,2
S042,Fractions,Q5,0,107,3,1
S042,Fractions,Q6,0,103,2,3
S042,Fractions,Q7,1,81,3,1
S042,Fractions,Q8,0,63,4,3
S042,Fractions,Q9,0,118,2,1
S042,Fractions,Q10,1,65,4,2
S042,Fractions,Q11,1,81,4,3
S042,Fractions,Q12,0,99,2,3
S042,Fractions,Q13,0,74,2,3
S042,Fractions,Q14,0,99,2,1
S042,Fractions,Q15,1,75,3,1
S042,Fractions,Q16,0,75,3,2
S042,Fractions,Q17,0,112,3,2
S042,Fractions,Q18,1,79,4,2
S042,Fractions,Q19,0,77,2,2
S042,Fractions,Q20,1,77,3,2
S043,Fractions,Q1,0,101,2,2
S043,Fractions,Q2,1,90,2,1
S043,Fractions,Q3,0,70,2,2
S043,Fractions,Q4,0,95,4,1
S043,Fractions,Q5,0,84,3,3
S043,Fractions,Q6,0,83,4,2
S043,Fractions,Q7,0,61,3,2
S043,Fractions,Q8,1,92,2,3
S043,Fractions,Q9,0,64,4,1
S043,Fractions,Q10,0,118,4,1
S043,Fractions,Q11,0,74,3,2
S043,Fractions,Q12,0,112,2,2
S043,Fractions,Q13,1,104,3,3
S043,Fractions,Q14,0,60,4,2
S043,Fractions,Q15,0,96,4,3
S043,Fractions,Q16,0,88,3,3
S043,Fractions,Q17,0,104,4,2
S043,Fractions,Q18,0,118,3,1
S043,Fractions,Q19,0,105,4,1
S043,Fractions,Q20,0,116,4,3
S044,Fractions,Q1,0,106,4,2
S044,Fractions,Q2,0,67,2,2
S044,Fractions,Q3,0,67,3,1
S044,Fractions,Q4,0,66,4,1
S044,Fractions,Q5,0,98,2,3
S044,Fractions,Q6,1,97,4,3
S044,Fractions,Q7,1,60,3,1
S044,Fractions,Q8,1,116,3,3
S044,Fractions,Q9,0,70,3,1
S044,Fractions,Q10,1,112,2,1
S044,Fractions,Q11,0,88,3,1
S044,Fractions,Q12,0,71,2,2
S044,Fractions,Q13,0,66,2,1
S044,Fractions,Q14,0,97,3,2
S044,Fractions,Q15,0,97,2,2
S044,Fractions,Q16,1,103,3,3
S044,Fractions,Q17,0,105,3,3
S044,Fractions,Q18,1,93,4,2
S044,Fractions,Q19,0,115,3,2
S044,Fractions,Q20,1,61,2,3
S045,Fractions,Q1,1,38,2,0
S045,Fractions,Q2,1,50,1,1
S045,Fractions,Q3,0,38,2,1
S045,Fractions,Q4,1,42,1,1
S045,Fractions,Q5,1,48,2,1
S045,Fractions,Q6,1,43,2,0
S045,Fractions,Q7,1,25,1,1
S045,Fractions,Q8,1,42,1,1
S045,Fractions,Q9,1,31,2,1
S045,Fractions,Q10,1,30,1,1
S045,Fractions,Q11,1,45,2,1
S045,Fractions,Q12,1,20,1,0
S045,Fractions,Q13,0,38,1,1
S045,Fractions,Q14,0,43,1,0
S045,Fractions,Q15,1,22,2,1
S045,Fractions,Q16,0,38,1,1
S045,Fractions,Q17,1,36,1,1
S045,Fractions,Q18,1,26,1,0
S045,Fractions,Q19,1,20,1,0
S045,Fractions,Q20,1,26,2,0
S046,Fractions,Q1,0,52,1,2
S046,Fractions,Q2,1,75,2,0
S046,Fractions,Q3,0,79,3,1
S046,Fractions,Q4,1,67,1,1
S046,Fractions,Q5,1,79,2,1
S046,Fractions,Q6,1,68,3,2
S046,Fractions,Q7,1,41,3,2
S046,Fractions,Q8,0,55,2,0
S046,Fractions,Q9,0,41,2,1
S046,Fractions,Q10,1,72,1,1
S046,Fractions,Q11,0,41,2,0
S046,Fractions,Q12,1,70,3,2
S046,Fractions,Q13,0,56,2,1
S046,Fractions,Q14,0,64,2,2
S046,Fractions,Q15,1,72,2,1
S046,Fractions,Q16,0,69,3,2
S046,Fractions,Q17,1,74,3,0
S046,Fractions,Q18,0,55,1,1
S046,Fractions,Q19,0,54,2,2
S046,Fractions,Q20,1,75,2,0
S047,Fractions,Q1,1,54,3,0
S047,Fractions,Q2,1,79,3,2
S047,Fractions,Q3,0,51,3,0
S047,Fractions,Q4,1,74,2,2
S047,Fractions,Q5,1,55,3,0
S047,Fractions,Q6,1,77,2,1
S047,Fractions,Q7,1,50,2,0
S047,Fractions,Q8,1,66,1,1
S047,Fractions,Q9,0,46,3,0
S047,Fractions,Q10,1,45,2,0
S047,Fractions,Q11,1,79,1,0
S047,Fractions,Q12,1,59,3,0
S047,Fractions,Q13,1,58,2,2
S047,Fractions,Q14,1,63,3,0
S047,Fractions,Q15,1,49,3,0
S047,Fractions,Q16,1,79,1,1
S047,Fractions,Q17,1,63,2,0
S047,Fractions,Q18,0,59,1,1
S047,Fractions,Q19,0,42,3,2
S047,Fractions,Q20,1,67,2,1
S048,Fractions,Q1,1,49,1,0
S048,Fractions,Q2,0,41,1,1
S048,Fractions,Q3,1,45,1,1
S048,Fractions,Q4,0,30,1,1
S048,Fractions,Q5,1,31,1,0
S048,Fractions,Q6,1,50,2,0
S048,Fractions,Q7,1,31,1,1
S048,Fractions,Q8,1,20,1,0
S048,Fractions,Q9,1,28,2,0
S048,Fractions,Q10,1,37,2,0
S048,Fractions,Q11,1,21,2,0
S048,Fractions,Q12,1,38,1,0
S048,Fractions,Q13,1,36,2,1
S048,Fractions,Q14,1,48,1,0
S048,Fractions,Q15,1,43,2,1
S048,Fractions,Q16,1,21,1,1
S048,Fractions,Q17,0,34,2,1
S048,Fractions,Q18,0,30,2,0
S048,Fractions,Q19,1,29,2,1
S048,Fractions,Q20,1,49,1,0
S049,Fractions,Q1,1,64,3,1
S049,Fractions,Q2,1,78,3,2
S049,Fractions,Q3,1,65,2,0
S049,Fractions,Q4,1,44,2,1
S049,Fractions,Q5,1,51,2,1
S049,Fractions,Q6,1,43,1,1
S049,Fractions,Q7,1,44,1,2
S049,Fractions,Q8,1,77,1,1
S049,Fractions,Q9,0,44,3,1
S049,Fractions,Q10,0,67,2,0
S049,Fractions,Q11,0,68,3,1
S049,Fractions,Q12,1,77,2,1
S049,Fractions,Q13,1,69,2,1
S049,Fractions,Q14,1,51,2,0
S049,Fractions,Q15,0,64,3,0
S049,Fractions,Q16,0,54,1,2
S049,Fractions,Q17,0,67,1,0
S049,Fractions,Q18,1,43,1,0
S049,Fractions,Q19,1,47,1,1
S049,Fractions,Q20,1,80,2,2
S050,Fractions,Q1,0,59,2,1
S050,Fractions,Q2,1,78,3,0
S050,Fractions,Q3,1,45,1,1
S050,Fractions,Q4,0,70,2,0
S050,Fractions,Q5,0,59,2,0
S050,Fractions,Q6,1,58,2,1
S050,Fractions,Q7,0,49,3,2
S050,Fractions,Q8,1,54,3,1
S050,Fractions,Q9,1,53,1,0
S050,Fractions,Q10,0,54,2,0
S050,Fractions,Q11,1,47,2,1
S050,Fractions,Q12,1,73,1,2
S050,Fractions,Q13,0,40,1,2
S050,Fractions,Q14,0,59,1,0
S050,Fractions,Q15,1,59,2,1
S050,Fractions,Q16,1,57,1,2
S050,Fractions,Q17,1,61,1,0
S050,Fractions,Q18,1,48,2,1
S050,Fractions,Q19,1,54,3,0
S050,Fractions,Q20,0,71,1,1
S051,Fractions,Q1,1,47,1,0
S051,Fractions,Q2,1,70,1,0
S051,Fractions,Q3,1,80,1,2
S051,Fractions,Q4,1,58,3,1
S051,Fractions,Q5,0,76,1,2
S051,Fractions,Q6,0,60,3,1
S051,Fractions,Q7,1,42,2,2
S051,Fractions,Q8,1,61,1,2
S051,Fractions,Q9,0,45,2,1
S051,Fractions,Q10,1,72,3,2
S051,Fractions,Q11,1,74,1,0
S051,Fractions,Q12,0,54,3,1
S051,Fractions,Q13,0,69,3,2
S051,Fractions,Q14,1,74,2,1
S051,Fractions,Q15,1,49,3,2
S051,Fractions,Q16,0,59,3,2
S051,Fractions,Q17,0,40,2,1
S051,Fractions,Q18,1,56,3,0
S051,Fractions,Q19,0,73,1,0
S051,Fractions,Q20,1,79,2,1
S052,Fractions,Q1,1,47,1,0
S052,Fractions,Q2,1,80,1,1
S052,Fractions,Q3,1,43,3,0
S052,Fractions,Q4,1,69,2,1
S052,Fractions,Q5,0,46,2,2
S052,Fractions,Q6,0,54,2,1
S052,Fractions,Q7,1,60,2,0
S052,Fractions,Q8,1,72,1,2
S052,Fractions,Q9,1,74,3,2
S052,Fractions,Q10,1,42,2,0
S052,Fractions,Q11,0,49,1,0
S052,Fractions,Q12,1,51,2,2
S052,Fractions,Q13,1,52,2,1
S052,Fractions,Q14,0,53,2,1
S052,Fractions,Q15,1,58,3,0
S052,Fractions,Q16,0,70,1,2
S052,Fractions,Q17,1,68,2,0
S052,Fractions,Q18,0,45,2,2
S052,Fractions,Q19,1,46,3,0
S052,Fractions,Q20,1,61,1,1
S053,Fractions,Q1,0,100,2,3
S053,Fractions,Q2,1,104,3,2
S053,Fractions,Q3,0,105,2,3
S053,Fractions,Q4,1,94,2,3
S053,Fractions,Q5,0,75,2,2
S053,Fractions,Q6,0,105,3,1
S053,Fractions,Q7,0,87,2,2
S053,Fractions,Q8,1,82,2,3
S053,Fractions,Q9,0,78,4,3
S053,Fractions,Q10,0,62,3,2
S053,Fractions,Q11,0,74,2,1
S053,Fractions,Q12,1,68,4,2
S053,Fractions,Q13,1,101,3,3
S053,Fractions,Q14,0,109,3,1
S053,Fractions,Q15,1,83,2,1
S053,Fractions,Q16,0,64,4,2
S053,Fractions,Q17,1,63,4,1
S053,Fractions,Q18,0,71,3,3
S053,Fractions,Q19,1,92,3,2
S053,Fractions,Q20,0,100,2,2
S054,Fractions,Q1,1,75,2,1
S054,Fractions,Q2,1,77,1,1
S054,Fractions,Q3,1,79,1,0
S054,Fractions,Q4,1,69,3,1
S054,Fractions,Q5,1,69,2,0
S054,Fractions,Q6,0,58,1,2
S054,Fractions,Q7,1,51,2,1
S054,Fractions,Q8,1,58,3,0
S054,Fractions,Q9,0,54,1,2
S054,Fractions,Q10,1,79,1,0
S054,Fractions,Q11,0,51,3,2
S054,Fractions,Q12,1,48,2,0
S054,Fractions,Q13,1,44,2,1
S054,Fractions,Q14,0,69,1,1
S054,Fractions,Q15,1,64,1,0
S054,Fractions,Q16,1,70,3,0
S054,Fractions,Q17,0,58,2,2
S054,Fractions,Q18,1,68,1,1
S054,Fractions,Q19,1,70,2,0
S054,Fractions,Q20,1,68,3,2
S055,Fractions,Q1,0,63,4,3
S055,Fractions,Q2,0,70,3,2
S055,Fractions,Q3,0,86,3,2
S055,Fractions,Q4,0,111,2,2
S055,Fractions,Q5,1,76,2,1
S055,Fractions,Q6,0,120,2,1
S055,Fractions,Q7,0,119,2,1
S055,Fractions,Q8,0,62,2,1
S055,Fractions,Q9,0,104,3,1
S055,Fractions,Q10,1,83,2,1
S055,Fractions,Q11,1,68,2,2
S055,Fractions,Q12,1,81,2,1
S055,Fractions,Q13,0,95,2,3
S055,Fractions,Q14,0,72,3,1
S055,Fractions,Q15,0,105,3,1
S055,Fractions,Q16,0,90,2,3
S055,Fractions,Q17,1,91,2,1
S055,Fractions,Q18,0,95,2,2
S055,Fractions,Q19,1,84,4,3
S055,Fractions,Q20,0,102,4,2
S056,Fractions,Q1,1,38,2,1
S056,Fractions,Q2,1,32,2,0
S056,Fractions,Q3,0,35,2,1
S056,Fractions,Q4,1,39,1,0
S056,Fractions,Q5,1,30,2,0
S056,Fractions,Q6,1,37,1,1
S056,Fractions,Q7,1,41,1,0
S056,Fractions,Q8,0,31,1,1
S056,Fractions,Q9,1,32,2,0
S056,Fractions,Q10,0,45,1,1
S056,Fractions,Q11,1,47,1,0
S056,Fractions,Q12,0,29,2,0
S056,Fractions,Q13,1,44,2,0
S056,Fractions,Q14,1,37,2,0
S056,Fractions,Q15,1,36,1,0
S056,Fractions,Q16,1,39,2,0
S056,Fractions,Q17,0,38,1,0
S056,Fractions,Q18,1,42,1,1
S056,Fractions,Q19,1,28,2,0
S056,Fractions,Q20,1,42,2,1
S057,Fractions,Q1,0,95,2,1
S057,Fractions,Q2,0,73,3,2
S057,Fractions,Q3,1,115,2,2
S057,Fractions,Q4,0,85,2,1
S057,Fractions,Q5,0,75,2,3
S057,Fractions,Q6,1,86,4,3
S057,Fractions,Q7,1,97,2,1
S057,Fractions,Q8,0,99,3,3
S057,Fractions,Q9,0,79,3,3
S057,Fractions,Q10,1,102,3,1
S057,Fractions,Q11,1,88,3,1
S057,Fractions,Q12,0,101,4,3
S057,Fractions,Q13,0,69,4,2
S057,Fractions,Q14,0,63,3,1
S057,Fractions,Q15,0,64,2,1
S057,Fractions,Q16,0,118,4,3
S057,Fractions,Q17,1,69,3,2
S057,Fractions,Q18,1,65,2,3
S057,Fractions,Q19,0,91,3,2
S057,Fractions,Q20,0,89,4,3
S058,Fractions,Q1,0,45,1,0
S058,Fractions,Q2,1,59,1,0
S058,Fractions,Q3,0,67,1,1
S058,Fractions,Q4,1,80,1,0
S058,Fractions,Q5,0,65,1,1
S058,Fractions,Q6,0,55,2,2
S058,Fractions,Q7,1,55,1,0
S058,Fractions,Q8,0,70,2,2
S058,Fractions,Q9,1,69,1,2
S058,Fractions,Q10,0,69,3,1
S058,Fractions,Q11,0,44,2,2
S058,Fractions,Q12,1,44,3,0
S058,Fractions,Q13,0,73,3,2
S058,Fractions,Q14,0,71,3,0
S058,Fractions,Q15,1,53,1,0
S058,Fractions,Q16,1,75,1,1
S058,Fractions,Q17,1,75,1,2
S058,Fractions,Q18,1,78,1,2
S058,Fractions,Q19,1,58,2,1
S058,Fractions,Q20,0,46,3,2
S059,Fractions,Q1,1,42,2,0
S059,Fractions,Q2,1,47,2,0
S059,Fractions,Q3,1,29,1,1
S059,Fractions,Q4,1,27,2,0
S059,Fractions,Q5,1,22,2,0
S059,Fractions,Q6,1,21,1,1
S059,Fractions,Q7,1,47,2,1
S059,Fractions,Q8,1,41,1,0
S059,Fractions,Q9,1,48,1,1
S059,Fractions,Q10,1,47,2,0
S059,Fractions,Q11,1,43,2,1
S059,Fractions,Q12,0,45,1,1
S059,Fractions,Q13,1,47,2,0
S059,Fractions,Q14,1,34,2,1
S059,Fractions,Q15,0,28,2,1
S059,Fractions,Q16,1,43,1,1
S059,Fractions,Q17,1,32,1,1
S059,Fractions,Q18,1,40,1,1
S059,Fractions,Q19,1,47,1,0
S059,Fractions,Q20,0,22,1,0
S060,Fractions,Q1,0,80,3,1
S060,Fractions,Q2,0,46,1,2
S060,Fractions,Q3,1,42,2,1
S060,Fractions,Q4,1,65,2,1
S060,Fractions,Q5,1,58,1,0
S060,Fractions,Q6,0,67,1,2
S060,Fractions,Q7,0,47,1,2
S060,Fractions,Q8,1,71,1,2
S060,Fractions,Q9,1,57,2,1
S060,Fractions,Q10,1,67,3,1
S060,Fractions,Q11,0,46,3,0
S060,Fractions,Q12,0,41,3,1
S060,Fractions,Q13,1,70,2,0
S060,Fractions,Q14,0,67,1,2
S060,Fractions,Q15,0,59,1,1
S060,Fractions,Q16,0,69,1,1
S060,Fractions,Q17,0,55,3,1
S060,Fractions,Q18,0,44,2,2
S060,Fractions,Q19,1,48,3,2
S060,Fractions,Q20,0,65,1,2
S061,Fractions,Q1,0,71,4,3
S061,Fractions,Q2,0,113,4,1
S061,Fractions,Q3,0,90,4,1
S061,Fractions,Q4,0,87,3,3
S061,Fractions,Q5,0,113,2,2
S061,Fractions,Q6,1,90,2,3
S061,Fractions,Q7,0,91,4,1
S061,Fractions,Q8,0,109,3,2
S061,Fractions,Q9,1,84,2,1
S061,Fractions,Q10,0,90,4,3
S061,Fractions,Q11,0,107,3,2
S061,Fractions,Q12,0,91,4,2
S061,Fractions,Q13,0,64,2,3
S061,Fractions,Q14,1,61,2,3
S061,Fractions,Q15,1,93,3,1
S061,Fractions,Q16,0,91,2,1
S061,Fractions,Q17,0,70,3,3
S061,Fractions,Q18,0,98,3,2
S061,Fractions,Q19,1,66,3,2
S061,Fractions,Q20,1,84,3,1
S062,Fractions,Q1,1,42,2,1
S062,Fractions,Q2,1,35,1,1
S062,Fractions,Q3,1,42,2,0
S062,Fractions,Q4,1,48,1,0
S062,Fractions,Q5,0,34,1,1
S062,Fractions,Q6,1,48,1,1
S062,Fractions,Q7,1,24,1,0
S062,Fractions,Q8,1,20,2,1
S062,Fractions,Q9,1,38,2,1
S062,Fractions,Q10,1,30,1,1
S062,Fractions,Q11,1,33,1,0
S062,Fractions,Q12,1,21,2,0
S062,Fractions,Q13,1,44,2,1
S062,Fractions,Q14,0,40,2,1
S062,Fractions,Q15,1,45,1,0
S062,Fractions,Q16,0,33,1,0
S062,Fractions,Q17,0,44,1,0
S062,Fractions,Q18,1,30,2,1
S062,Fractions,Q19,1,50,1,0
S062,Fractions,Q20,1,45,1,0
S063,Fractions,Q1,0,63,3,3
S063,Fractions,Q2,0,108,4,2
S063,Fractions,Q3,0,66,3,2
S063,Fractions,Q4,0,89,3,1
S063,Fractions,Q5,0,82,4,3
S063,Fractions,Q6,1,95,3,1
S063,Fractions,Q7,0,61,3,2
S063,Fractions,Q8,1,78,3,2
S063,Fractions,Q9,1,114,3,2
S063,Fractions,Q10,0,120,2,2
S063,Fractions,Q11,0,120,2,2
S063,Fractions,Q12,0,91,2,1
S063,Fractions,Q13,0,75,3,1
S063,Fractions,Q14,1,101,4,2
S063,Fractions,Q15,0,94,4,3
S063,Fractions,Q16,0,70,3,3
S063,Fractions,Q17,1,95,4,2
S063,Fractions,Q18,0,118,3,1
S063,Fractions,Q19,0,118,2,2
S063,Fractions,Q20,0,116,4,3
S064,Fractions,Q1,1,32,1,0
S064,Fractions,Q2,0,47,2,1
S064,Fractions,Q3,0,28,1,0
S064,Fractions,Q4,1,45,1,0
S064,Fractions,Q5,1,43,2,0
S064,Fractions,Q6,1,30,1,1
S064,Fractions,Q7,1,37,2,1
S064,Fractions,Q8,0,29,1,1
S064,Fractions,Q9,1,49,2,0
S064,Fractions,Q10,1,20,2,1
S064,Fractions,Q11,1,20,1,1
S064,Fractions,Q12,0,49,2,1
S064,Fractions,Q13,1,30,2,0
S064,Fractions,Q14,1,50,2,1
S064,Fractions,Q15,1,45,2,0
S064,Fractions,Q16,1,46,1,1
S064,Fractions,Q17,0,32,1,0
S064,Fractions,Q18,1,41,2,1
S064,Fractions,Q19,0,46,1,1
S064,Fractions,Q20,0,46,1,0
S065,Fractions,Q1,1,51,2,0
S065,Fractions,Q2,1,54,3,2
S065,Fractions,Q3,0,61,2,1
S065,Fractions,Q4,1,52,3,2
S065,Fractions,Q5,0,59,3,0
S065,Fractions,Q6,0,64,3,2
S065,Fractions,Q7,1,80,2,2
S065,Fractions,Q8,0,45,3,0
S065,Fractions,Q9,0,74,2,0
S065,Fractions,Q10,1,57,1,2
S065,Fractions,Q11,1,71,1,2
S065,Fractions,Q12,1,70,2,0
S065,Fractions,Q13,0,66,2,1
S065,Fractions,Q14,0,59,3,0
S065,Fractions,Q15,1,50,1,0
S065,Fractions,Q16,1,77,3,2
S065,Fractions,Q17,1,43,2,2
S065,Fractions,Q18,0,76,1,1
S065,Fractions,Q19,1,44,2,1
S065,Fractions,Q20,1,66,1,1
S066,Fractions,Q1,0,107,2,1
S066,Fractions,Q2,0,90,3,2
S066,Fractions,Q3,0,86,2,1
S066,Fractions,Q4,1,113,4,1
S066,Fractions,Q5,0,114,3,1
S066,Fractions,Q6,0,95,4,2
S066,Fractions,Q7,0,79,4,3
S066,Fractions,Q8,0,80,4,1
S066,Fractions,Q9,1,118,2,1
S066,Fractions,Q10,1,117,2,1
S066,Fractions,Q11,1,95,3,3
S066,Fractions,Q12,0,88,3,1
S066,Fractions,Q13,0,110,4,3
S066,Fractions,Q14,1,114,3,1
S066,Fractions,Q15,0,100,4,3
S066,Fractions,Q16,0,115,4,2
S066,Fractions,Q17,1,101,2,2
S066,Fractions,Q18,0,76,3,2
S066,Fractions,Q19,1,102,2,2
S066,Fractions,Q20,0,94,4,3
S067,Fractions,Q1,1,55,2,1
S067,Fractions,Q2,0,45,2,1
S067,Fractions,Q3,0,68,3,0
S067,Fractions,Q4,0,53,2,1
S067,Fractions,Q5,1,43,3,2
S067,Fractions,Q6,1,46,3,2
S067,Fractions,Q7,0,69,3,0
S067,Fractions,Q8,1,58,2,2
S067,Fractions,Q9,0,66,2,2
S067,Fractions,Q10,0,52,3,2
S067,Fractions,Q11,0,73,1,1
S067,Fractions,Q12,1,61,2,2
S067,Fractions,Q13,0,57,3,1
S067,Fractions,Q14,1,74,3,0
S067,Fractions,Q15,1,50,3,0
S067,Fractions,Q16,1,67,3,1
S067,Fractions,Q17,1,44,2,2
S067,Fractions,Q18,1,80,3,0
S067,Fractions,Q19,1,51,2,2
S067,Fractions,Q20,0,57,1,1
S068,Fractions,Q1,0,49,2,2
S068,Fractions,Q2,1,62,3,0
S068,Fractions,Q3,1,74,3,1
S068,Fractions,Q4,1,46,2,0
S068,Fractions,Q5,1,44,3,1
S068,Fractions,Q6,1,44,3,1
S068,Fractions,Q7,1,45,1,1
S068,Fractions,Q8,1,42,3,0
S068,Fractions,Q9,0,45,1,1
S068,Fractions,Q10,1,59,2,2
S068,Fractions,Q11,1,42,3,2
S068,Fractions,Q12,1,42,3,1
S068,Fractions,Q13,0,42,1,2
S068,Fractions,Q14,1,54,2,1
S068,Fractions,Q15,1,73,1,0
S068,Fractions,Q16,0,76,1,1
S068,Fractions,Q17,0,70,3,1
S068,Fractions,Q18,1,47,3,2
S068,Fractions,Q19,1,74,3,1
S068,Fractions,Q20,0,78,2,1
S069,Fractions,Q1,0,74,3,1
S069,Fractions,Q2,0,80,4,3
S069,Fractions,Q3,0,67,4,2
S069,Fractions,Q4,0,110,3,3
S069,Fractions,Q5,1,90,3,3
S069,Fractions,Q6,0,88,4,1
S069,Fractions,Q7,1,97,3,1
S069,Fractions,Q8,0,70,4,1
S069,Fractions,Q9,0,83,2,2
S069,Fractions,Q10,0,71,2,3
S069,Fractions,Q11,1,62,2,2
S069,Fractions,Q12,1,61,4,1
S069,Fractions,Q13,1,93,2,3
S069,Fractions,Q14,0,63,4,3
S069,Fractions,Q15,0,87,3,3
S069,Fractions,Q16,0,98,4,2
S069,Fractions,Q17,0,89,3,1
S069,Fractions,Q18,0,120,4,2
S069,Fractions,Q19,0,74,3,2
S069,Fractions,Q20,0,63,2,2
S070,Fractions,Q1,1,41,2,1
S070,Fractions,Q2,1,33,2,1
S070,Fractions,Q3,0,33,2,0
S070,Fractions,Q4,1,31,1,1
S070,Fractions,Q5,1,32,1,0
S070,Fractions,Q6,1,48,1,0
S070,Fractions,Q7,1,48,2,1
S070,Fractions,Q8,0,33,1,0
S070,Fractions,Q9,1,44,2,0
S070,Fractions,Q10,1,25,1,1
S070,Fractions,Q11,1,40,1,0
S070,Fractions,Q12,1,20,2,1
S070,Fractions,Q13,1,47,2,0
S070,Fractions,Q14,0,22,1,1
S070,Fractions,Q15,0,26,1,0
S070,Fractions,Q16,1,24,2,1
S070,Fractions,Q17,0,42,2,1
S070,Fractions,Q18,0,35,2,0
S070,Fractions,Q19,0,44,2,1
S070,Fractions,Q20,1,43,2,1
S071,Fractions,Q1,1,64,3,1
S071,Fractions,Q2,0,45,2,0
S071,Fractions,Q3,0,42,2,2
S071,Fractions,Q4,1,40,2,0
S071,Fractions,Q5,1,41,3,0
S071,Fractions,Q6,0,41,3,2
S071,Fractions,Q7,1,64,2,2
S071,Fractions,Q8,1,47,3,2
S071,Fractions,Q9,1,47,2,1
S071,Fractions,Q10,1,60,3,2
S071,Fractions,Q11,0,61,1,0
S071,Fractions,Q12,1,44,2,0
S071,Fractions,Q13,0,61,2,0
S071,Fractions,Q14,1,47,1,1
S071,Fractions,Q15,0,72,2,1
S071,Fractions,Q16,0,50,3,0
S071,Fractions,Q17,1,80,3,0
S071,Fractions,Q18,0,55,1,2
S071,Fractions,Q19,0,70,1,1
S071,Fractions,Q20,1,70,2,2
S072,Fractions,Q1,0,120,3,2
S072,Fractions,Q2,0,91,2,3
S072,Fractions,Q3,0,65,2,2
S072,Fractions,Q4,0,103,3,3
S072,Fractions,Q5,0,81,4,1
S072,Fractions,Q6,0,71,4,3
S072,Fractions,Q7,0,72,3,2
S072,Fractions,Q8,0,78,3,1
S072,Fractions,Q9,0,91,2,3
S072,Fractions,Q10,0,76,2,2
S072,Fractions,Q11,0,89,3,1
S072,Fractions,Q12,1,71,2,1
S072,Fractions,Q13,0,80,4,1
S072,Fractions,Q14,0,84,3,3
S072,Fractions,Q15,0,101,3,1
S072,Fractions,Q16,0,67,4,1
S072,Fractions,Q17,0,66,3,1
S072,Fractions,Q18,0,108,4,3
S072,Fractions,Q19,0,64,2,2
S072,Fractions,Q20,0,101,3,2
S073,Fractions,Q1,1,43,1,1
S073,Fractions,Q2,1,38,1,1
S073,Fractions,Q3,1,43,2,0
S073,Fractions,Q4,0,36,1,0
S073,Fractions,Q5,1,35,2,0
S073,Fractions,Q6,1,32,2,0
S073,Fractions,Q7,1,34,1,0
S073,Fractions,Q8,0,49,1,1
S073,Fractions,Q9,0,46,1,0
S073,Fractions,Q10,1,47,2,0
S073,Fractions,Q11,1,42,1,1
S073,Fractions,Q12,1,26,2,1
S073,Fractions,Q13,1,40,2,1
S073,Fractions,Q14,1,39,1,1
S073,Fractions,Q15,1,28,2,0
S073,Fractions,Q16,0,34,2,1
S073,Fractions,Q17,0,44,2,1
S073,Fractions,Q18,0,44,2,0
S073,Fractions,Q19,0,48,1,1
S073,Fractions,Q20,0,46,1,0
S074,Fractions,Q1,1,87,4,1
S074,Fractions,Q2,0,90,4,3
S074,Fractions,Q3,0,104,4,2
S074,Fractions,Q4,0,94,2,3
S074,Fractions,Q5,1,100,2,1
S074,Fractions,Q6,0,115,3,1
S074,Fractions,Q7,0,76,3,1
S074,Fractions,Q8,0,70,2,1
S074,Fractions,Q9,0,73,4,3
S074,Fractions,Q10,0,71,3,3
S074,Fractions,Q11,0,93,2,3
S074,Fractions,Q12,0,114,4,2
S074,Fractions,Q13,0,91,4,1
S074,Fractions,Q14,0,96,2,1
S074,Fractions,Q15,0,96,3,1
S074,Fractions,Q16,0,75,2,2
S074,Fractions,Q17,0,106,3,3
S074,Fractions,Q18,0,78,4,2
S074,Fractions,Q19,0,101,4,1
S074,Fractions,Q20,0,85,4,1
S075,Fractions,Q1,0,103,3,2
S075,Fractions,Q2,1,96,2,2
S075,Fractions,Q3,0,100,4,1
S075,Fractions,Q4,1,119,3,1
S075,Fractions,Q5,1,105,4,3
S075,Fractions,Q6,1,85,4,3
S075,Fractions,Q7,0,102,4,3
S075,Fractions,Q8,0,73,2,3
S075,Fractions,Q9,0,108,3,3
S075,Fractions,Q10,0,106,3,1
S075,Fractions,Q11,0,90,2,1
S075,Fractions,Q12,0,80,2,2
S075,Fractions,Q13,0,90,3,3
S075,Fractions,Q14,0,64,2,3
S075,Fractions,Q15,1,76,4,3
S075,Fractions,Q16,0,73,2,1
S075,Fractions,Q17,0,118,3,1
S075,Fractions,Q18,0,77,3,3
S075,Fractions,Q19,1,76,4,3
S075,Fractions,Q20,0,77,3,1
S076,Fractions,Q1,1,100,3,1
S076,Fractions,Q2,1,119,4,2
S076,Fractions,Q3,1,78,3,3
S076,Fractions,Q4,0,63,2,3
S076,Fractions,Q5,1,103,4,1
S076,Fractions,Q6,0,113,2,1
S076,Fractions,Q7,0,69,2,3
S076,Fractions,Q8,0,103,2,2
S076,Fractions,Q9,0,85,3,2
S076,Fractions,Q10,0,93,2,3
S076,Fractions,Q11,0,110,4,2
S076,Fractions,Q12,1,93,3,3
S076,Fractions,Q13,0,66,2,2
S076,Fractions,Q14,1,118,2,1
S076,Fractions,Q15,0,103,3,3
S076,Fractions,Q16,1,119,3,1
S076,Fractions,Q17,1,81,2,2
S076,Fractions,Q18,0,116,3,2
S076,Fractions,Q19,0,115,4,2
S076,Fractions,Q20,0,108,3,2
S077,Fractions,Q1,1,29,2,1
S077,Fractions,Q2,1,21,2,0
S077,Fractions,Q3,1,27,2,0
S077,Fractions,Q4,0,21,1,1
S077,Fractions,Q5,1,39,2,0
S077,Fractions,Q6,1,20,2,1
S077,Fractions,Q7,1,42,2,1
S077,Fractions,Q8,1,30,1,0
S077,Fractions,Q9,0,31,1,0
S077,Fractions,Q10,1,49,1,1
S077,Fractions,Q11,1,47,2,1
S077,Fractions,Q12,0,34,1,0
S077,Fractions,Q13,1,30,2,0
S077,Fractions,Q14,1,49,2,1
S077,Fractions,Q15,1,48,1,1
S077,Fractions,Q16,1,45,2,1
S077,Fractions,Q17,1,25,2,0
S077,Fractions,Q18,1,29,2,1
S077,Fractions,Q19,1,36,1,0
S077,Fractions,Q20,0,46,2,1
S078,Fractions,Q1,0,61,2,2
S078,Fractions,Q2,0,44,3,0
S078,Fractions,Q3,1,48,1,1
S078,Fractions,Q4,0,58,1,0
S078,Fractions,Q5,0,57,1,2
S078,Fractions,Q6,1,64,2,0
S078,Fractions,Q7,0,59,3,1
S078,Fractions,Q8,0,80,1,0
S078,Fractions,Q9,0,70,2,0
S078,Fractions,Q10,1,40,1,2
S078,Fractions,Q11,0,48,3,0
S078,Fractions,Q12,1,64,2,1
S078,Fractions,Q13,1,78,2,2
S078,Fractions,Q14,1,52,2,0
S078,Fractions,Q15,0,67,2,0
S078,Fractions,Q16,1,80,1,2
S078,Fractions,Q17,1,71,3,0
S078,Fractions,Q18,0,51,3,0
S078,Fractions,Q19,0,70,1,2
S078,Fractions,Q20,1,76,1,1
S079,Fractions,Q1,0,38,2,0
S079,Fractions,Q2,1,48,2,1
S079,Fractions,Q3,1,28,2,0
S079,Fractions,Q4,1,23,1,1
S079,Fractions,Q5,1,50,1,1
S079,Fractions,Q6,1,32,2,1
S079,Fractions,Q7,1,47,1,1
S079,Fractions,Q8,1,35,1,1
S079,Fractions,Q9,1,40,1,1
S079,Fractions,Q10,1,31,2,0
S079,Fractions,Q11,1,41,2,0
S079,Fractions,Q12,1,34,1,1
S079,Fractions,Q13,1,32,2,1
S079,Fractions,Q14,1,27,2,0
S079,Fractions,Q15,1,33,1,0
S079,Fractions,Q16,1,29,2,1
S079,Fractions,Q17,1,41,2,0
S079,Fractions,Q18,1,41,1,1
S079,Fractions,Q19,1,45,1,1
S079,Fractions,Q20,1,41,2,1
S080,Fractions,Q1,0,27,2,0
S080,Fractions,Q2,1,26,2,0
S080,Fractions,Q3,1,46,1,1
S080,Fractions,Q4,0,49,2,1
S080,Fractions,Q5,0,48,2,1
S080,Fractions,Q6,1,42,2,0
S080,Fractions,Q7,1,47,2,1
S080,Fractions,Q8,1,37,1,1
S080,Fractions,Q9,1,50,2,0
S080,Fractions,Q10,1,28,1,1
S080,Fractions,Q11,1,41,2,0
S080,Fractions,Q12,0,21,1,1
S080,Fractions,Q13,1,26,2,0
S080,Fractions,Q14,1,28,2,1
S080,Fractions,Q15,1,48,1,1
S080,Fractions,Q16,0,29,2,1
S080,Fractions,Q17,1,38,1,0
S080,Fractions,Q18,1,41,2,1
S080,Fractions,Q19,1,49,2,0
S080,Fractions,Q20,1,34,1,0
S081,Fractions,Q1,1,99,2,1
S081,Fractions,Q2,1,77,2,3
S081,Fractions,Q3,0,69,3,3
S081,Fractions,Q4,1,63,2,3
S081,Fractions,Q5,0,73,4,1
S081,Fractions,Q6,0,97,4,2
S081,Fractions,Q7,0,75,2,2
S081,Fractions,Q8,1,98,3,1
S081,Fractions,Q9,0,95,4,3
S081,Fractions,Q10,0,71,2,1
S081,Fractions,Q11,0,91,3,3
S081,Fractions,Q12,0,78,2,2
S081,Fractions,Q13,0,102,2,3
S081,Fractions,Q14,0,84,2,3
S081,Fractions,Q15,1,85,4,3
S081,Fractions,Q16,1,95,2,1
S081,Fractions,Q17,0,80,2,1
S081,Fractions,Q18,0,100,3,3
S081,Fractions,Q19,1,73,4,3
S081,Fractions,Q20,0,115,3,2
S082,Fractions,Q1,0,74,4,1
S082,Fractions,Q2,0,82,4,2
S082,Fractions,Q3,0,115,3,2
S082,Fractions,Q4,1,103,2,2
S082,Fractions,Q5,1,104,2,1
S082,Fractions,Q6,0,88,2,1
S082,Fractions,Q7,1,108,4,2
S082,Fractions,Q8,0,72,4,2
S082,Fractions,Q9,0,66,3,1
S082,Fractions,Q10,0,111,2,1
S082,Fractions,Q11,0,118,4,3
S082,Fractions,Q12,1,107,4,3
S082,Fractions,Q13,1,94,2,3
S082,Fractions,Q14,1,98,4,1
S082,Fractions,Q15,0,104,2,3
S082,Fractions,Q16,0,113,2,2
S082,Fractions,Q17,0,119,2,1
S082,Fractions,Q18,0,115,4,2
S082,Fractions,Q19,1,83,2,3
S082,Fractions,Q20,0,118,4,3
S083,Fractions,Q1,0,92,2,2
S083,Fractions,Q2,0,90,2,2
S083,Fractions,Q3,0,82,3,1
S083,Fractions,Q4,1,73,2,1
S083,Fractions,Q5,0,103,3,3
S083,Fractions,Q6,0,85,3,2
S083,Fractions,Q7,1,80,3,2
S083,Fractions,Q8,1,91,3,1
S083,Fractions,Q9,0,101,3,1
S083,Fractions,Q10,1,60,4,2
S083,Fractions,Q11,0,91,3,2
S083,Fractions,Q12,0,103,4,1
S083,Fractions,Q13,0,111,4,2
S083,Fractions,Q14,0,86,2,1
S083,Fractions,Q15,0,91,2,3
S083,Fractions,Q16,0,61,2,3
S083,Fractions,Q17,1,103,2,2
S083,Fractions,Q18,0,84,4,2
S083,Fractions,Q19,1,104,2,3
S083,Fractions,Q20,1,104,2,2
S084,Fractions,Q1,1,62,2,2
S084,Fractions,Q2,1,78,2,1
S084,Fractions,Q3,0,90,2,3
S084,Fractions,Q4,0,103,3,2
S084,Fractions,Q5,1,98,3,2
S084,Fractions,Q6,1,79,2,1
S084,Fractions,Q7,0,116,3,2
S084,Fractions,Q8,0,102,4,1
S084,Fractions,Q9,0,114,3,2
S084,Fractions,Q10,1,70,4,2
S084,Fractions,Q11,1,111,4,3
S084,Fractions,Q12,0,73,4,1
S084,Fractions,Q13,1,89,4,2
S084,Fractions,Q14,1,104,2,1
S084,Fractions,Q15,0,72,4,3
S084,Fractions,Q16,0,89,2,3
S084,Fractions,Q17,0,60,2,1
S084,Fractions,Q18,1,88,4,3
S084,Fractions,Q19,0,102,4,3
S084,Fractions,Q20,0,120,4,2
S085,Fractions,Q1,0,108,3,2
S085,Fractions,Q2,1,77,3,2
S085,Fractions,Q3,1,91,2,2
S085,Fractions,Q4,0,115,3,3
S085,Fractions,Q5,0,78,3,1
S085,Fractions,Q6,1,63,4,1
S085,Fractions,Q7,1,105,4,3
S085,Fractions,Q8,0,88,2,3
S085,Fractions,Q9,1,119,2,1
S085,Fractions,Q10,0,112,4,1
S085,Fractions,Q11,0,71,4,1
S085,Fractions,Q12,0,62,3,2
S085,Fractions,Q13,1,60,4,2
S085,Fractions,Q14,1,75,3,3
S085,Fractions,Q15,0,85,2,2
S085,Fractions,Q16,0,82,2,1
S085,Fractions,Q17,0,72,4,1
S085,Fractions,Q18,0,73,3,1
S085,Fractions,Q19,0,118,2,3
S085,Fractions,Q20,0,118,2,2
S086,Fractions,Q1,1,64,4,2
S086,Fractions,Q2,0,99,4,2
S086,Fractions,Q3,0,96,2,2
S086,Fractions,Q4,1,108,2,3
S086,Fractions,Q5,0,68,4,2
S086,Fractions,Q6,1,91,3,1
S086,Fractions,Q7,0,92,3,2
S086,Fractions,Q8,0,70,2,3
S086,Fractions,Q9,0,77,3,1
S086,Fractions,Q10,1,108,3,1
S086,Fractions,Q11,0,80,4,3
S086,Fractions,Q12,0,60,2,3
S086,Fractions,Q13,1,81,3,2
S086,Fractions,Q14,0,86,4,1
S086,Fractions,Q15,1,95,2,2
S086,Fractions,Q16,0,117,3,3
S086,Fractions,Q17,0,75,3,1
S086,Fractions,Q18,1,78,2,1
S086,Fractions,Q19,0,97,2,2
S086,Fractions,Q20,1,114,4,1
S087,Fractions,Q1,0,48,1,1
S087,Fractions,Q2,0,79,2,2
S087,Fractions,Q3,1,50,3,1
S087,Fractions,Q4,0,78,2,2
S087,Fractions,Q5,0,63,2,0
S087,Fractions,Q6,0,59,3,1
S087,Fractions,Q7,0,46,3,0
S087,Fractions,Q8,1,55,3,2
S087,Fractions,Q9,1,79,1,1
S087,Fractions,Q10,1,41,3,1
S087,Fractions,Q11,1,65,3,0
S087,Fractions,Q12,1,40,3,1
S087,Fractions,Q13,1,69,2,0
S087,Fractions,Q14,1,58,2,0
S087,Fractions,Q15,0,79,2,0
S087,Fractions,Q16,0,68,2,2
S087,Fractions,Q17,0,78,1,0
S087,Fractions,Q18,0,76,3,2
S087,Fractions,Q19,0,46,2,0
S087,Fractions,Q20,0,59,2,0
S088,Fractions,Q1,1,40,1,0
S088,Fractions,Q2,1,42,1,1
S088,Fractions,Q3,1,28,2,0
S088,Fractions,Q4,0,23,1,1
S088,Fractions,Q5,1,43,2,0
S088,Fractions,Q6,1,50,2,1
S088,Fractions,Q7,1,23,1,1
S088,Fractions,Q8,1,38,1,0
S088,Fractions,Q9,1,25,1,0
S088,Fractions,Q10,0,39,2,1
S088,Fractions,Q11,1,42,2,1
S088,Fractions,Q12,0,48,2,1
S088,Fractions,Q13,1,26,2,0
S088,Fractions,Q14,1,47,1,1
S088,Fractions,Q15,1,20,2,1
S088,Fractions,Q16,0,31,1,0
S088,Fractions,Q17,1,40,1,1
S088,Fractions,Q18,1,34,2,1
S088,Fractions,Q19,0,29,2,1
S088,Fractions,Q20,1,34,1,0
S089,Fractions,Q1,1,22,1,1
S089,Fractions,Q2,0,50,1,1
S089,Fractions,Q3,0,29,2,1
S089,Fractions,Q4,1,39,1,0
S089,Fractions,Q5,1,37,2,1
S089,Fractions,Q6,1,39,2,0
S089,Fractions,Q7,1,34,2,1
S089,Fractions,Q8,1,34,2,0
S089,Fractions,Q9,1,23,1,0
S089,Fractions,Q10,1,44,1,1
S089,Fractions,Q11,1,22,1,1
S089,Fractions,Q12,1,20,2,1
S089,Fractions,Q13,1,49,2,0
S089,Fractions,Q14,1,37,2,1
S089,Fractions,Q15,1,45,2,0
S089,Fractions,Q16,1,22,1,0
S089,Fractions,Q17,1,46,1,1
S089,Fractions,Q18,0,32,2,1
S089,Fractions,Q19,0,42,2,1
S089,Fractions,Q20,1,28,1,0
S090,Fractions,Q1,1,57,3,2
S090,Fractions,Q2,0,80,3,2
S090,Fractions,Q3,1,66,3,0
S090,Fractions,Q4,1,66,2,0
S090,Fractions,Q5,1,42,3,0
S090,Fractions,Q6,0,64,2,0
S090,Fractions,Q7,0,75,3,2
S090,Fractions,Q8,1,73,3,0
S090,Fractions,Q9,0,77,2,2
S090,Fractions,Q10,1,48,1,0
S090,Fractions,Q11,1,42,2,0
S090,Fractions,Q12,1,73,3,1
S090,Fractions,Q13,1,56,2,1
S090,Fractions,Q14,0,56,1,0
S090,Fractions,Q15,1,57,1,2
S090,Fractions,Q16,1,64,2,2
S090,Fractions,Q17,1,68,3,0
S090,Fractions,Q18,1,80,2,1
S090,Fractions,Q19,1,71,3,2
S090,Fractions,Q20,0,62,3,0
S091,Fractions,Q1,1,32,2,1
S091,Fractions,Q2,1,40,2,1
S091,Fractions,Q3,1,20,1,0
S091,Fractions,Q4,1,42,2,0
S091,Fractions,Q5,0,47,1,1
S091,Fractions,Q6,1,40,2,0
S091,Fractions,Q7,1,26,2,1
S091,Fractions,Q8,1,36,2,0
S091,Fractions,Q9,1,25,1,1
S091,Fractions,Q10,1,47,1,0
S091,Fractions,Q11,1,40,2,1
S091,Fractions,Q12,0,23,2,0
S091,Fractions,Q13,1,30,1,1
S091,Fractions,Q14,1,23,2,0
S091,Fractions,Q15,1,30,2,0
S091,Fractions,Q16,0,30,1,0
S091,Fractions,Q17,1,20,1,0
S091,Fractions,Q18,1,27,2,1
S091,Fractions,Q19,1,48,1,1
S091,Fractions,Q20,0,42,1,1
S092,Fractions,Q1,0,75,3,2
S092,Fractions,Q2,0,43,3,2
S092,Fractions,Q3,0,44,1,1
S092,Fractions,Q4,1,71,3,2
S092,Fractions,Q5,1,65,1,0
S092,Fractions,Q6,1,41,2,1
S092,Fractions,Q7,1,75,2,2
S092,Fractions,Q8,1,71,3,2
S092,Fractions,Q9,0,44,2,2
S092,Fractions,Q10,0,43,3,1
S092,Fractions,Q11,1,73,2,0
S092,Fractions,Q12,0,49,3,0
S092,Fractions,Q13,1,72,1,2
S092,Fractions,Q14,1,78,2,0
S092,Fractions,Q15,1,48,2,2
S092,Fractions,Q16,0,76,3,2
S092,Fractions,Q17,1,49,2,1
S092,Fractions,Q18,1,53,1,1
S092,Fractions,Q19,0,56,1,2
S092,Fractions,Q20,0,53,3,0
S093,Fractions,Q1,0,22,2,1
S093,Fractions,Q2,0,36,1,1
S093,Fractions,Q3,1,25,2,1
S093,Fractions,Q4,1,40,1,1
S093,Fractions,Q5,1,32,1,0
S093,Fractions,Q6,1,20,1,1
S093,Fractions,Q7,1,31,1,0
S093,Fractions,Q8,1,49,1,0
S093,Fractions,Q9,0,46,2,1
S093,Fractions,Q10,1,29,1,0
S093,Fractions,Q11,0,27,2,1
S093,Fractions,Q12,1,41,1,1
S093,Fractions,Q13,1,27,1,0
S093,Fractions,Q14,1,37,1,0
S093,Fractions,Q15,1,34,1,1
S093,Fractions,Q16,1,20,2,0
S093,Fractions,Q17,0,22,2,0
S093,Fractions,Q18,0,44,1,0
S093,Fractions,Q19,1,28,2,0
S093,Fractions,Q20,0,24,1,0
S094,Fractions,Q1,1,74,2,0
S094,Fractions,Q2,0,64,2,0
S094,Fractions,Q3,1,76,1,0
S094,Fractions,Q4,0,68,3,2
S094,Fractions,Q5,0,54,2,1
S094,Fractions,Q6,1,43,2,0
S094,Fractions,Q7,1,60,1,0
S094,Fractions,Q8,1,42,1,2
S094,Fractions,Q9,0,52,3,0
S094,Fractions,Q10,1,45,2,0
S094,Fractions,Q11,1,48,3,2
S094,Fractions,Q12,0,68,3,2
S094,Fractions,Q13,0,43,1,1
S094,Fractions,Q14,0,57,3,1
S094,Fractions,Q15,1,73,2,0
S094,Fractions,Q16,0,55,1,2
S094,Fractions,Q17,1,78,3,1
S094,Fractions,Q18,1,57,1,2
S094,Fractions,Q19,1,62,2,0
S094,Fractions,Q20,0,63,3,2
S095,Fractions,Q1,0,63,1,0
S095,Fractions,Q2,0,42,1,1
S095,Fractions,Q3,0,73,1,1
S095,Fractions,Q4,0,55,3,2
S095,Fractions,Q5,0,40,3,0
S095,Fractions,Q6,1,74,1,0
S095,Fractions,Q7,0,62,3,0
S095,Fractions,Q8,1,80,3,1
S095,Fractions,Q9,1,77,3,2
S095,Fractions,Q10,1,47,1,2
S095,Fractions,Q11,0,64,2,2
S095,Fractions,Q12,1,60,1,0
S095,Fractions,Q13,1,56,1,0
S095,Fractions,Q14,1,61,3,1
S095,Fractions,Q15,1,53,1,2
S095,Fractions,Q16,1,42,3,1
S095,Fractions,Q17,0,70,2,0
S095,Fractions,Q18,0,74,1,1
S095,Fractions,Q19,1,57,2,2
S095,Fractions,Q20,1,43,3,1
S096,Fractions,Q1,0,108,3,3
S096,Fractions,Q2,0,77,4,2
S096,Fractions,Q3,0,76,2,2
S096,Fractions,Q4,0,76,4,1
S096,Fractions,Q5,0,87,2,3
S096,Fractions,Q6,0,114,4,1
S096,Fractions,Q7,0,72,4,2
S096,Fractions,Q8,0,87,3,2
S096,Fractions,Q9,0,95,4,2
S096,Fractions,Q10,0,105,2,1
S096,Fractions,Q11,0,71,2,3
S096,Fractions,Q12,0,111,4,3
S096,Fractions,Q13,0,66,3,1
S096,Fractions,Q14,0,118,3,2
S096,Fractions,Q15,0,102,2,3
S096,Fractions,Q16,0,81,2,2
S096,Fractions,Q17,0,87,2,1
S096,Fractions,Q18,1,111,2,1
S096,Fractions,Q19,1,107,3,3
S096,Fractions,Q20,1,100,2,3
S097,Fractions,Q1,0,65,1,1
S097,Fractions,Q2,1,69,1,2
S097,Fractions,Q3,1,48,3,0
S097,Fractions,Q4,0,42,2,0
S097,Fractions,Q5,0,47,2,0
S097,Fractions,Q6,1,67,2,0
S097,Fractions,Q7,1,77,3,1
S097,Fractions,Q8,1,51,1,1
S097,Fractions,Q9,1,74,2,2
S097,Fractions,Q10,1,71,1,0
S097,Fractions,Q11,1,51,1,2
S097,Fractions,Q12,1,53,1,1
S097,Fractions,Q13,1,66,2,0
S097,Fractions,Q14,0,72,1,0
S097,Fractions,Q15,1,64,1,0
S097,Fractions,Q16,1,52,2,1
S097,Fractions,Q17,0,45,1,0
S097,Fractions,Q18,1,77,3,1
S097,Fractions,Q19,1,58,2,1
S097,Fractions,Q20,1,67,3,2
S098,Fractions,Q1,0,84,4,1
S098,Fractions,Q2,1,73,3,1
S098,Fractions,Q3,0,119,4,3
S098,Fractions,Q4,0,84,2,2
S098,Fractions,Q5,1,61,2,1
S098,Fractions,Q6,1,117,2,2
S098,Fractions,Q7,0,117,4,1
S098,Fractions,Q8,1,103,4,1
S098,Fractions,Q9,0,91,3,1
S098,Fractions,Q10,0,90,4,3
S098,Fractions,Q11,0,61,4,2
S098,Fractions,Q12,0,110,3,3
S098,Fractions,Q13,0,77,4,1
S098,Fractions,Q14,1,101,2,3
S098,Fractions,Q15,0,72,3,2
S098,Fractions,Q16,0,61,3,2
S098,Fractions,Q17,0,71,3,3
S098,Fractions,Q18,0,115,4,3
S098,Fractions,Q19,0,82,4,3
S098,Fractions,Q20,0,118,3,1
S099,Fractions,Q1,0,38,2,0
S099,Fractions,Q2,0,30,2,0
S099,Fractions,Q3,1,28,2,0
S099,Fractions,Q4,1,20,1,1
S099,Fractions,Q5,1,27,1,0
S099,Fractions,Q6,0,44,1,1
S099,Fractions,Q7,0,25,2,1
S099,Fractions,Q8,1,26,2,1
S099,Fractions,Q9,0,21,1,0
S099,Fractions,Q10,1,34,1,0
S099,Fractions,Q11,1,24,2,1
S099,Fractions,Q12,0,45,1,0
S099,Fractions,Q13,1,26,1,1
S099,Fractions,Q14,1,44,1,1
S099,Fractions,Q15,1,41,1,0
S099,Fractions,Q16,1,32,2,0
S099,Fractions,Q17,0,34,1,0
S099,Fractions,Q18,1,48,2,0
S099,Fractions,Q19,1,48,2,1
S099,Fractions,Q20,1,43,2,1
S100,Fractions,Q1,0,43,1,0
S100,Fractions,Q2,0,43,1,0
S100,Fractions,Q3,0,54,1,2
S100,Fractions,Q4,1,55,3,1
S100,Fractions,Q5,1,66,2,1
S100,Fractions,Q6,1,54,3,2
S100,Fractions,Q7,0,70,2,0
S100,Fractions,Q8,1,64,1,2
S100,Fractions,Q9,0,78,1,2
S100,Fractions,Q10,1,60,2,0
S100,Fractions,Q11,1,78,1,0
S100,Fractions,Q12,1,76,3,1
S100,Fractions,Q13,1,65,3,1
S100,Fractions,Q14,1,71,2,1
S100,Fractions,Q15,0,57,3,0
S100,Fractions,Q16,1,64,2,1
S100,Fractions,Q17,1,54,2,2
S100,Fractions,Q18,0,76,1,2
S100,Fractions,Q19,1,55,1,1
S100,Fractions,Q20,0,57,1,0
